{
    "$schema": "https://schema.management.azure.com/schemas/2015-01-01/deploymentParameters.json#",
    "contentVersion": "1.0.0.0",
    "parameters": {
        "name": {
            "value": "sample-app-module-federation-shell"
        },
        "location": {
            "value": "centralus"
        },
        "sku": {
            "value": "Free"
        },
        "skucode": {
            "value": "Free"
        },
        "repositoryUrl": {
            "value": "https://github.com/jon-grey/sample-app-module-federation-azure-web-app-angular-azure-function-api-python"
        },
        "branch": {
            "value": "main"
        },
        "repositoryToken": {
            "value": null
        },
        "appLocation": {
            "value": "/app"
        },
        "apiLocation": {
            "value": "/api"
        },
        "appArtifactLocation": {
            "value": "dist/shell"
        }
    }
}